{
  "resistance_pca_var": {
    "pc1": 0.19924548713041082,
    "pc2": 0.13900601274227842,
    "pc3": 0.1146675944354992
  }
}